{"description":"No description provided.","title":"untitled","controlPoints":[{"field_dX":2.262164926771444,"fieldY":4.9265611257695685,"field_dY":-0.24442659936522304,"fieldX":1.7792436235707996,"fieldHeading":0.0,"time":0.0,"field_dHeading":0.020582301742804024,"derivativesEdited":true},{"field_dX":0.17941952506596337,"fieldY":2.878188214599824,"field_dY":-5.262972735268249,"fieldX":3.438874230430958,"fieldHeading":0.02940328820400575,"time":1.0,"field_dHeading":0.0,"derivativesEdited":true},{"field_dX":-0.11961301671064106,"fieldY":-1.4474637681159432,"field_dY":-3.0501319261213737,"fieldX":3.3722826086956523,"fieldHeading":0.0,"time":2.0,"field_dHeading":-0.12081191400545627,"derivativesEdited":true},{"field_dX":-3.6481970096745826,"fieldY":3.0576077396657872,"field_dY":0.9270008795074745,"fieldX":2.4072119613016714,"fieldHeading":-0.1431851603752175,"time":3.0,"field_dHeading":-0.10022961226265224,"derivativesEdited":true}]}