{"description":"No description provided.","title":"untitled","controlPoints":[{"field_dX":0.5014749262536888,"fieldY":-3.0172074729596865,"field_dY":2.039331366764994,"fieldX":-1.1617502458210414,"fieldHeading":-1.5707963267948966,"time":0.0,"field_dHeading":1.7278759594743864,"derivativesEdited":true},{"field_dX":2.6427728613569323,"fieldY":2.883480825958701,"field_dY":0.15629301868239967,"fieldX":1.4626352015732564,"fieldHeading":0.0,"time":1.0,"field_dHeading":1.6872094887625202,"derivativesEdited":false},{"field_dX":-0.1337266470009837,"fieldY":-2.833333333333334,"field_dY":-1.437561455260571,"fieldX":1.9473942969518205,"fieldHeading":1.496857289136958,"time":2.0,"field_dHeading":1.646543018050654,"derivativesEdited":true}]}