{"speedMultiplier":1.0,"description":"No description provided.","robotScheduledActions":[],"title":"untitled","controlPoints":[{"headingDerivativeEdited":false,"field_dX":-0.0,"fieldY":-7.616502835538752,"field_dY":0.0,"fieldX":-2.6649005671077504,"fieldHeading":-4.188785307179586,"time":0.0,"field_dHeading":0.4580345391859001,"derivativesEdited":false},{"robotActionCommand":"AutoShootCommand","headingDerivativeEdited":true,"field_dX":-0.0,"fieldY":-6.645642722117202,"field_dY":0.0,"fieldX":-2.732187901701323,"fieldHeading":-3.7723902715560405,"time":0.9000000000000002,"field_dHeading":-0.0,"derivativesEdited":true,"robotActionDuration":3.0},{"headingDerivativeEdited":true,"field_dX":-0.3460491493383735,"fieldY":-5.078809073724007,"field_dY":1.884045368620038,"fieldX":-4.36630888468809,"fieldHeading":-3.1415953071795863,"time":2.9,"field_dHeading":-0.0,"derivativesEdited":true},{"headingDerivativeEdited":true,"field_dX":-0.038449905482039526,"fieldY":-2.24312854442344,"field_dY":0.03844990548204308,"fieldX":-5.846630245746692,"fieldHeading":-0.0,"time":7.0,"field_dHeading":-0.0,"derivativesEdited":true}]}